日期,评论量
2005/8/6,1
2005/8/14,1
2005/9/4,3
2005/9/7,1
2005/11/27,1
2005/12/16,1
2006/1/5,1
2006/1/23,1
2006/2/5,1
2006/3/31,6
2006/4/3,2
2006/4/4,3
2006/4/8,1
2006/4/21,1
2006/5/17,1
2006/6/5,1
2006/7/17,1
2006/7/26,1
2006/7/28,1
2006/7/30,2
2006/8/4,1
2006/8/15,1
2006/8/25,1
2006/10/8,2
2006/10/24,1
2006/10/26,1
2006/10/31,2
2006/11/5,1
2006/11/9,1
2006/11/19,1
2006/12/9,4
2006/12/14,1
2006/12/16,1
2006/12/28,1
2007/1/16,1
2007/1/29,1
2007/2/1,1
2007/2/7,1
2007/2/12,1
2007/2/24,1
2007/2/26,2
2007/3/7,1
2007/3/9,1
2007/3/30,2
2007/3/31,4
2007/5/1,1
2007/5/11,3
2007/5/26,5
2007/6/16,1
2007/6/22,1
2007/6/24,1
2007/6/30,2
2007/7/7,1
2007/7/20,1
2007/7/21,1
2007/7/26,1
2007/8/5,1
2007/8/7,1
2007/8/16,1
2007/8/19,2
2007/9/1,1
2007/9/3,3
2007/9/22,2
2007/9/26,1
2007/9/30,3
2007/10/3,1
2007/10/18,1
2007/10/20,1
2007/10/28,1
2007/11/7,1
2007/11/19,1
2007/11/21,1
2007/11/24,1
2007/11/25,2
2007/12/2,1
2007/12/7,1
2007/12/15,2
2007/12/20,2
2007/12/23,1
2007/12/24,1
2007/12/26,1
2007/12/28,1
2007/12/30,1
2007/12/31,1
